username,user_url,title,review_url,rating,time,summary,useful_count,reply_count
白头豕,https://www.douban.com/people/42726241/,《一战再战》：美国左翼斗士们的狗哨集结号,https://movie.douban.com/review/17155705/,5,2025-10-18 12:57:44,这篇影评可能有剧透《一战再战》是第三次世界大战和美国内战的阴云之下，美国左翼电影人的一部号召左翼丧家犬们重新振作集结，准备反抗的狗哨电影。 狗哨电影的调性 然而我都不确定这算不算“狗哨”了，电影里以斗争为导向的左翼意识形态过于浓烈，或者说含“革”量高到演都不演了；可转眼一看影...,1132,291
Methy,https://www.douban.com/people/citywork/,隐形的革命，兼论曲线如何战胜直线,https://movie.douban.com/review/17122115/,5,2025-10-06 01:53:41,"这篇影评可能有剧透They are in themselves double: a hybrid, an alloy, a twin formation——D&G 在二元对立的声浪中，鲜少有影评提及在影片中举足轻重，真正影响故事走势的拉美社群形象——但被忽略正是他们的优势。在暴力且煽动性十足的革命史里（如影片开头），他们作为面目模糊的人群被解救...",580,45
雨苔思音,https://www.douban.com/people/66009504/,年度院线最佳，Real Cinema！,https://movie.douban.com/review/17156962/,5,2025-10-19 08:49:07,这篇影评可能有剧透《一战再战》或许并不适合所有观众，但绝对能让喜欢电影的人大饱眼福爱不释手，一场精妙编排快节奏故事之上演绎的视听盛宴，甚至让人禁不住想在IMAX屏幕重温的这般美妙作品。 是的，配乐！ 配乐就是《一战再战》的灵魂，从开头一直到结尾绵延不绝的配乐撑起了半部电影，时而轰...,365,119
锈湖学者伊连恩,https://www.douban.com/people/83898491/,Willa是极左和极右的孩子,https://movie.douban.com/review/17096694/,5,2025-09-26 13:18:33,这篇影评可能有剧透标题就是严重剧透。 非常平铺直叙并且观影经历非常好的电影。 Willa的妈是Perfidia是个反政府组织的成员。电影开始于这个revolutioner组织解放拘谨非法移民的camp。Perfidia在这次行动中遇到了Steven，perfidia说出了她的宣言：我是来这里发动战争的，我要free XXX，free XXX…...,408,225
高帆,https://www.douban.com/people/200526183/,白左的疯癫和建制派的裤裆是天生的一对,https://movie.douban.com/review/17106192/,4,2025-09-30 23:43:33,这篇影评可能有剧透1、黑妞和小李子为什么要干革命？ 黑妞的妈妈说她是天生的不安分，也就回答了美国社会的白左为啥那么左，他们自己也不知道为啥，就是天生的，就是为了左而左，为了折腾而折腾，目标和手段的高度统一。这种极端存粹的精神浪漫主义吸引了很多人，人生在世充满了困惑，人总是需要...,359,57
云中,https://www.douban.com/people/windbo/,PTA搞搞震,https://movie.douban.com/review/17159334/,5,2025-10-20 19:02:15,这篇影评可能有剧透一个艺术片导演拍商业片，能做到的理想状态之一，就是《一战再战》。 保留了近年PTA的个性化标签，比如浅景深的人物中景状态（最难拍好的一种景别），绿木的一贯先锋爵士，人物内心总是处在崩得很紧的弦上，类型杂交后产生的复杂情绪，这一切被非常利落的剪辑给串联起来，形成...,102,12
石新雨,https://www.douban.com/people/226358861/,时间并不存在，但它依旧控制着我们,https://movie.douban.com/review/17161495/,3,2025-10-22 13:17:38,这篇影评可能有剧透本文最先发布于澎湃新闻，文 石新雨、TWY “结束了，终于——我的伍德斯托克音乐节，我的金色摇滚年华，我的迷幻旅行，我的革命。”——托马斯·品钦《葡萄园》 时间并不存在，但它依旧控制着我们。什么样的时间？对于保罗·托马斯·安德森来说，至少在过去的二十年中，他的电...,139,21
montage,https://www.douban.com/people/149042792/,政治是假？情感是真？什么才是一战再战？,https://movie.douban.com/review/17130750/,4,2025-10-08 14:41:57,这篇影评可能有剧透【其实是个短评但写不下了就这样了，内含大量剧透】 场面调度视听设计都是上乘，特别是这次对于配乐的利用，音乐全程以不同层次不同形态出现，完整参与叙事表达。对加州沙漠景观的利用也很重要，vistavision专门为此存在，起伏连绵的公路不仅造就结尾别出心裁的追车场面，同时...,67,58
Parity,https://www.douban.com/people/191096149/,革命未竟与保守回潮的时代割裂,https://movie.douban.com/review/17103203/,5,2025-09-29 22:19:56,# Vistavision 5+ 十六年岁月蹉跎如一瞬，恍惚间过去大半个世纪，60s的激进左派革命终究未竟，转眼便要直面20s新法西斯主义回潮的恶果。相比现实成倍放大了对立强度，嫁接不同时代（缩略那些强度低的）的革命，正如在对立派系的叙事线间（剪辑上省去铺垫和串联）仅保留行动的发...,91,4
欧,https://www.douban.com/people/Omnivore_03343/,为cinema流泪,https://movie.douban.com/review/17154210/,5,2025-10-17 14:59:40,（首发于公众号“陀螺电影”） 想想《魅影缝匠》：影片末尾的几个场景，角色的情感经历了从“爱”到“恨”的极端异化，旋即又被拉至绝对的“爱”。在这个情感辩证法的精湛演示中，我们不禁怀疑：什么是情感？无法稳定的，在权力与依赖中不断转变、甚至自我否定的建构？对此PTA...,108,13
莫选好片,https://www.douban.com/people/64192242/,那些年老李拒演的电影角色，损失天价片酬也在所不惜,https://movie.douban.com/review/17159629/,4,2025-10-20 22:40:11,这篇影评可能有剧透莱昂纳多·迪卡普里奥的《一战再战》全球热映。 尽管豆瓣开分8.1，口碑始终稳健，却不是传统意义上的爽片，也没有在票房上取得太好的成绩。 内地首周票房2000万不到，全球上映将近一个月，票房只有1.62亿。 对比1.4亿美元的预算，难言成功。 从《不一样的天空》中的智障少年到...,136,44
异见者,https://www.douban.com/people/TheDissidents/,杂谈｜图像和稻草人,https://movie.douban.com/review/17160831/,4,2025-10-21 21:42:12,"这篇影评可能有剧透文 /  唯唯 责编 / 宇宙兔 排版&制图 /  阿崽 全文约2800字 阅读需要7分钟 简单描述我要描述的；迅速理解我将理解的。 1. 在那之前，我想起了一些例子。 齐泽克曾经对罗西里尼的名作《德意志零年》（Germania anno zero, 1948）做过一次精彩的论述，并将这一论述作为一个重要的...",79,7
恰帕斯东风电囼,https://www.douban.com/people/80620968/,一战再战：如果你永远不下水,https://movie.douban.com/review/17203475/,5,2025-11-16 19:54:50,这篇影评可能有剧透《一战再战》是一部关于被摧毁的政治身体如何得以重塑的影片。 如果说20世纪的老一辈革命者靠创立先锋队，组织起群众力量来开启挑战和夺取国家权力的革命，那么21世纪的Z世代则完全是在资产阶级政权一胜再胜、革命迅猛退潮所带来的“和平”年代，一个家庭、学校、职场和媒体等...,64,0
somewhere,https://www.douban.com/people/soulinbowl/,PTA究竟在讲什么，以及为了欺骗观众不遗余力的PTA(资yuan已出),https://movie.douban.com/review/17154906/,4,2025-10-17 22:24:57,这篇影评可能有剧透一战再战：为了欺骗观众不遗余力的PTA（资yuan已出）一战再战：为了欺骗观众不遗余力的PTA（资yuan已出） 首先PTA（保罗·托马斯·安德森）这样的导演是不会拍过度商业化的片的。尽管投资近2亿，但如果你的期望是如碟中谍般的大场面和刺激带劲的视觉效果，建议不要去浪费钱，你...,139,95
Wayne,https://www.douban.com/people/234585532/,并非意识形态，不可简单挪用——驳“异见者”,https://movie.douban.com/review/17163790/,5,2025-10-24 04:46:06,这篇影评可能有剧透一、并非意识形态 带着一个最为模糊的疑问，促使我走进电影院二刷《一战再战》，即“PTA究竟是以何种姿态创作的这部电影？”这个疑问最先定格在了薇拉在阅读完母亲的信件后，PTA以薇拉投身于革命作为影片结局的那一刻。为了解答这一疑问，我还得先回到PTA曾经的电影当中。 PTA...,72,24
踌躇不前的猪,https://www.douban.com/people/45621089/,一场荒诞的人文主义动作片,https://movie.douban.com/review/17099378/,4,2025-09-27 19:34:13,一大早过关赴港，同行的是提着菜篮返程的香港市民，而我此行的目的，只为看电影。买菜与看片，两种截然不同的日常在同一通道上并肩而行，这本身就是一幅荒诞的图景。在内地大银幕选择有限的今天，“跨境观影”竟也变得如“过关买菜”般寻常，这或许是属于影迷自己的黑色幽默。 ...,76,38
人民艺术家,https://www.douban.com/people/167367806/,反对将任何导演权威化、神化,https://movie.douban.com/review/17157151/,1,2025-10-19 11:49:16,这篇影评可能有剧透PTA如果在这部电影里面是既想要娱乐性，又想要深刻性，我觉得他没有做到。不是没有接受黑色幽默电影的能力，相反很多黑色幽默的电影我都很喜欢。比如同样是小李子演的《不要抬头》。风格是统一的，表达是清晰度，剧情是自洽的，完成度是高的。这样的电影我们称之为好电影。 当...,96,17
南悠一,https://www.douban.com/people/Allan.Vr/,为什么说《一战再战》是一部难评的电影？,https://movie.douban.com/review/17159335/,4,2025-10-20 19:02:40,这篇影评可能有剧透在平遥电影展开幕当天看完《一战再战》，我的感受很奇怪。那是一个失语的状态，既不想评判什么，也不想抒发什么。我的短评从那一天一直搁置到平遥闭幕最后一天，然后写下了这段文字： “看这部电影面临两个挑战，一个是PTA的电影看得太早，很多记忆淡忘了，只剩下一种感觉。在...,42,4
N1ck在线,https://www.douban.com/people/171182995/,当政治退场：《一战再战》的“After”和日常的幸存,https://movie.douban.com/review/17159690/,4,2025-10-20 23:21:21,这篇影评可能有剧透看不懂中文互联网的一些舆论方向，左不行右不行，说是乐子人，结果真各打五十大板了就说是“小骂大帮忙”，依旧认为是所谓“白左献礼片”。明明现实里大家能明白过于左或右都不好，但为啥就得要求一部电影有一个非常明确的左右倾向呢？甚至因为某哪怕一秒钟的情节就将整部电影...,30,6
我真爱看电影,https://www.douban.com/people/cinephile007/,2025年度最佳电影！！！！！,https://movie.douban.com/review/17157392/,5,2025-10-19 15:14:53,我看过的第1642部电影，《一战再战》我给9.6分。 55岁的克里斯托弗·诺兰，58岁的丹尼斯·维伦纽瓦，55岁的保罗·托马斯·安德森，分别在2023年，2024年，2025年为全球影迷带来了IMAX1.43：1画幅的《奥本海默》《沙丘2》《一战再战》，三部影史佳作都在IMAX GT 1.43：1银幕影厅...,49,23
莫选好片,https://www.douban.com/people/64192242/,那些年老李拒演的电影角色，损失天价片酬也在所不惜,https://movie.douban.com/review/17159629/,4,2025-10-20 22:40:11,这篇影评可能有剧透莱昂纳多·迪卡普里奥的《一战再战》全球热映。 尽管豆瓣开分8.1，口碑始终稳健，却不是传统意义上的爽片，也没有在票房上取得太好的成绩。 内地首周票房2000万不到，全球上映将近一个月，票房只有1.62亿。 对比1.4亿美元的预算，难言成功。 从《不一样的天空》中的智障少年到...,136,44
异见者,https://www.douban.com/people/TheDissidents/,杂谈｜图像和稻草人,https://movie.douban.com/review/17160831/,4,2025-10-21 21:42:12,"这篇影评可能有剧透文 /  唯唯 责编 / 宇宙兔 排版&制图 /  阿崽 全文约2800字 阅读需要7分钟 简单描述我要描述的；迅速理解我将理解的。 1. 在那之前，我想起了一些例子。 齐泽克曾经对罗西里尼的名作《德意志零年》（Germania anno zero, 1948）做过一次精彩的论述，并将这一论述作为一个重要的...",79,7
恰帕斯东风电囼,https://www.douban.com/people/80620968/,一战再战：如果你永远不下水,https://movie.douban.com/review/17203475/,5,2025-11-16 19:54:50,这篇影评可能有剧透《一战再战》是一部关于被摧毁的政治身体如何得以重塑的影片。 如果说20世纪的老一辈革命者靠创立先锋队，组织起群众力量来开启挑战和夺取国家权力的革命，那么21世纪的Z世代则完全是在资产阶级政权一胜再胜、革命迅猛退潮所带来的“和平”年代，一个家庭、学校、职场和媒体等...,64,0
somewhere,https://www.douban.com/people/soulinbowl/,PTA究竟在讲什么，以及为了欺骗观众不遗余力的PTA(资yuan已出),https://movie.douban.com/review/17154906/,4,2025-10-17 22:24:57,这篇影评可能有剧透一战再战：为了欺骗观众不遗余力的PTA（资yuan已出）一战再战：为了欺骗观众不遗余力的PTA（资yuan已出） 首先PTA（保罗·托马斯·安德森）这样的导演是不会拍过度商业化的片的。尽管投资近2亿，但如果你的期望是如碟中谍般的大场面和刺激带劲的视觉效果，建议不要去浪费钱，你...,139,95
Wayne,https://www.douban.com/people/234585532/,并非意识形态，不可简单挪用——驳“异见者”,https://movie.douban.com/review/17163790/,5,2025-10-24 04:46:06,这篇影评可能有剧透一、并非意识形态 带着一个最为模糊的疑问，促使我走进电影院二刷《一战再战》，即“PTA究竟是以何种姿态创作的这部电影？”这个疑问最先定格在了薇拉在阅读完母亲的信件后，PTA以薇拉投身于革命作为影片结局的那一刻。为了解答这一疑问，我还得先回到PTA曾经的电影当中。 PTA...,72,24
踌躇不前的猪,https://www.douban.com/people/45621089/,一场荒诞的人文主义动作片,https://movie.douban.com/review/17099378/,4,2025-09-27 19:34:13,一大早过关赴港，同行的是提着菜篮返程的香港市民，而我此行的目的，只为看电影。买菜与看片，两种截然不同的日常在同一通道上并肩而行，这本身就是一幅荒诞的图景。在内地大银幕选择有限的今天，“跨境观影”竟也变得如“过关买菜”般寻常，这或许是属于影迷自己的黑色幽默。 ...,76,38
人民艺术家,https://www.douban.com/people/167367806/,反对将任何导演权威化、神化,https://movie.douban.com/review/17157151/,1,2025-10-19 11:49:16,这篇影评可能有剧透PTA如果在这部电影里面是既想要娱乐性，又想要深刻性，我觉得他没有做到。不是没有接受黑色幽默电影的能力，相反很多黑色幽默的电影我都很喜欢。比如同样是小李子演的《不要抬头》。风格是统一的，表达是清晰度，剧情是自洽的，完成度是高的。这样的电影我们称之为好电影。 当...,96,17
南悠一,https://www.douban.com/people/Allan.Vr/,为什么说《一战再战》是一部难评的电影？,https://movie.douban.com/review/17159335/,4,2025-10-20 19:02:40,这篇影评可能有剧透在平遥电影展开幕当天看完《一战再战》，我的感受很奇怪。那是一个失语的状态，既不想评判什么，也不想抒发什么。我的短评从那一天一直搁置到平遥闭幕最后一天，然后写下了这段文字： “看这部电影面临两个挑战，一个是PTA的电影看得太早，很多记忆淡忘了，只剩下一种感觉。在...,42,4
N1ck在线,https://www.douban.com/people/171182995/,当政治退场：《一战再战》的“After”和日常的幸存,https://movie.douban.com/review/17159690/,4,2025-10-20 23:21:21,这篇影评可能有剧透看不懂中文互联网的一些舆论方向，左不行右不行，说是乐子人，结果真各打五十大板了就说是“小骂大帮忙”，依旧认为是所谓“白左献礼片”。明明现实里大家能明白过于左或右都不好，但为啥就得要求一部电影有一个非常明确的左右倾向呢？甚至因为某哪怕一秒钟的情节就将整部电影...,30,6
我真爱看电影,https://www.douban.com/people/cinephile007/,2025年度最佳电影！！！！！,https://movie.douban.com/review/17157392/,5,2025-10-19 15:14:53,我看过的第1642部电影，《一战再战》我给9.6分。 55岁的克里斯托弗·诺兰，58岁的丹尼斯·维伦纽瓦，55岁的保罗·托马斯·安德森，分别在2023年，2024年，2025年为全球影迷带来了IMAX1.43：1画幅的《奥本海默》《沙丘2》《一战再战》，三部影史佳作都在IMAX GT 1.43：1银幕影厅...,49,23
克里斯与乔纳森,https://www.douban.com/people/ChrisJonathan/,【译】三重隧道 |《电影手册》第824期,https://movie.douban.com/review/17117203/,5,2025-10-04 19:40:33,这篇影评可能有剧透原文标题：Trois tunnels 原文作者：Charlotte Garson 原文来源：Cahiers du cinéma No.824 *本人评分与译文观点无关 “脆弱性调查”——一项“脆弱性”研究，这正是Lockjaw上尉（西恩·潘饰）同意接受白人至上主义组织Christmas Adventurers的审查项目，后者鉴于他“纯正可靠...,43,2
Isomorphii,https://www.douban.com/people/181515007/,我梦见西恩·潘的勃起,https://movie.douban.com/review/17155291/,5,2025-10-18 02:23:46,这篇影评可能有剧透我对 PTA 最早的印象来自 Fiona Apple 和她所述的 abusive relationship，第二早的印象就是《不羁夜》结尾镜子中那根粗长但绵软的阳具。好多年之后，我又在大银幕看 PTA，这次最深的印象仍然是阳具 —— 一根被剥夺了大特写权利的坚硬阳具。 总之，我脑补了这个场景，几分钟后...,36,9
切切罗,https://www.douban.com/people/29285811/,The Big Dude Lebowski的007之旅,https://movie.douban.com/review/17142629/,5,2025-10-11 01:28:25,这篇影评可能有剧透无疑，观影之后，观众很难不去讨论这部政治意味浓厚的作品中导演 PTA 的立场：这难道又是一部拥护多元diversity与左派价值、同时讽刺右翼white supremacy白人至上主义的电影吗？ 完全不是。 从电影的设定来看，导演并不打算遵守好莱坞的传统，拒绝宏大的「左」和「右」的政治选...,69,10
雕花的茶,https://www.douban.com/people/NGthebest/,浅论《一战再战》中的地形学隐喻,https://movie.douban.com/review/17158469/,5,2025-10-20 01:23:42,在片中架空的移民自治城市里，下层建筑（贫民窟、地道、屋顶）不适应美国体制（公路、大厦），底层群众自发建立起蜂窝式的贫民窟，同时也包含学校，移民工厂，隐喻底层阶层被迫自适应建立的一套的再生产体系，小李子从屋顶摔下隐喻他作为过期的“革命者”与底层群众的脱节。代...,25,3
王小武,https://www.douban.com/people/ura_nium/,复/预习《一战再战》的精神原作《葡萄园》,https://movie.douban.com/review/17155798/,0,2025-10-18 14:25:15,这篇影评可能有剧透难道你看不出有两个截然不同的世界？——一个世界里总是有一台摄影机，另一个世界里则是一支枪，一个是骗人的，一个是真的。如果这是你人生的岔路口，必须在两个世界中选一个，你怎么办？ PTA的全新动作大片《一战再战》上映在即，托马斯·品钦那个光怪陆离的故事在胶片上借尸...,18,1
塔塔君Minkun,https://www.douban.com/people/tatakun/,随笔备忘：《一战再战》与《主谋》联想——敏感时代的迟疑与笨重,https://movie.douban.com/review/17345101/,4,2025-12-17 10:11:35,这篇影评可能有剧透看《一战再战》的时候，想到的是今年看过的凯莉·莱卡特导演的《主谋》，两部片的形式完全不像，只是因为都是在疾走奔流的美国，笨拙的人演出的笨拙的动作电影。 PTA 的电影只看过两部，另一部是他二十多年前的《私恋失调》。我对 PTA 电影的第一感觉是，真的太“动画”了，而...,15,2
one,https://www.douban.com/people/191508641/,One Battle After Another,https://movie.douban.com/review/17096527/,5,2025-09-26 11:02:36,这篇影评可能有剧透回看PTA过去的电影，许多人都批评他的老白男选题。《大师》，《血色将至》，PTA的几部出名作都聚焦于老白男的心理和挣扎，但就像李安的男性角色多是用来讨论父权的伤害，PTA则是用他们来讨论美国精神，自由，宗教，资本主义。 我记得他的上一部《香草披萨》饱受争议，一方面是...,33,8
oath,https://www.douban.com/people/291914157/,优秀的女性角色设计案例,https://movie.douban.com/review/17159176/,5,2025-10-20 16:52:02,这篇影评可能有剧透看完《一战再战》后，我觉得比起评价PTA对美国社会现状的描写和讽刺，更值得探讨的是影片中对女性角色的塑造。 国内多数媒体在概述影片内容的时候，对女主的描述都是以男主妻子的身份一笔带过。但在我看来，缇雅娜饰演的女主帕菲迪亚才是整部电影中人设最丰满的角色 —————...,41,36
Valuska,https://www.douban.com/people/valuska29cc/,极左极右，一战再战,https://movie.douban.com/review/17095041/,4,2025-09-25 11:25:33,这篇影评可能有剧透影片在“轻”的姿态之下安放“重”的议题：极左与极右被并置为两套对称的表演机器，黑色喜剧则成为伦理温度计，笑点既被允许落地，又被其后的余震立刻计入成本，因而“举重若轻”并非减法，而是对复杂现实的再编码。 叙事结构呈纺锤体：开端以极窄的情境—动机为轴，逐步向外张...,27,11
热血废物,https://www.douban.com/people/164727919/,去尼玛的左派右派，去尼玛的男权女权,https://movie.douban.com/review/17158481/,4,2025-10-20 01:32:58,评论区里都在讨论极左极右的讽刺隐喻，但我看到的全片高潮是小女孩举着手枪对准小李子，大喊：“Who are you？”而且她问了不止一次。面对生死关头，面对女儿的枪口，小李子没有对暗号，没有左派右派的站队，他抛开了所有政治色彩，只是一直重复：“亲爱的，我是你爸爸。” 我...,27,20
克里斯与乔纳森,https://www.douban.com/people/ChrisJonathan/,【译】三重隧道 |《电影手册》第824期,https://movie.douban.com/review/17117203/,5,2025-10-04 19:40:33,这篇影评可能有剧透原文标题：Trois tunnels 原文作者：Charlotte Garson 原文来源：Cahiers du cinéma No.824 *本人评分与译文观点无关 “脆弱性调查”——一项“脆弱性”研究，这正是Lockjaw上尉（西恩·潘饰）同意接受白人至上主义组织Christmas Adventurers的审查项目，后者鉴于他“纯正可靠...,43,2
Isomorphii,https://www.douban.com/people/181515007/,我梦见西恩·潘的勃起,https://movie.douban.com/review/17155291/,5,2025-10-18 02:23:46,这篇影评可能有剧透我对 PTA 最早的印象来自 Fiona Apple 和她所述的 abusive relationship，第二早的印象就是《不羁夜》结尾镜子中那根粗长但绵软的阳具。好多年之后，我又在大银幕看 PTA，这次最深的印象仍然是阳具 —— 一根被剥夺了大特写权利的坚硬阳具。 总之，我脑补了这个场景，几分钟后...,36,9
切切罗,https://www.douban.com/people/29285811/,The Big Dude Lebowski的007之旅,https://movie.douban.com/review/17142629/,5,2025-10-11 01:28:25,这篇影评可能有剧透无疑，观影之后，观众很难不去讨论这部政治意味浓厚的作品中导演 PTA 的立场：这难道又是一部拥护多元diversity与左派价值、同时讽刺右翼white supremacy白人至上主义的电影吗？ 完全不是。 从电影的设定来看，导演并不打算遵守好莱坞的传统，拒绝宏大的「左」和「右」的政治选...,69,10
雕花的茶,https://www.douban.com/people/NGthebest/,浅论《一战再战》中的地形学隐喻,https://movie.douban.com/review/17158469/,5,2025-10-20 01:23:42,在片中架空的移民自治城市里，下层建筑（贫民窟、地道、屋顶）不适应美国体制（公路、大厦），底层群众自发建立起蜂窝式的贫民窟，同时也包含学校，移民工厂，隐喻底层阶层被迫自适应建立的一套的再生产体系，小李子从屋顶摔下隐喻他作为过期的“革命者”与底层群众的脱节。代...,25,3
王小武,https://www.douban.com/people/ura_nium/,复/预习《一战再战》的精神原作《葡萄园》,https://movie.douban.com/review/17155798/,0,2025-10-18 14:25:15,这篇影评可能有剧透难道你看不出有两个截然不同的世界？——一个世界里总是有一台摄影机，另一个世界里则是一支枪，一个是骗人的，一个是真的。如果这是你人生的岔路口，必须在两个世界中选一个，你怎么办？ PTA的全新动作大片《一战再战》上映在即，托马斯·品钦那个光怪陆离的故事在胶片上借尸...,18,1
塔塔君Minkun,https://www.douban.com/people/tatakun/,随笔备忘：《一战再战》与《主谋》联想——敏感时代的迟疑与笨重,https://movie.douban.com/review/17345101/,4,2025-12-17 10:11:35,这篇影评可能有剧透看《一战再战》的时候，想到的是今年看过的凯莉·莱卡特导演的《主谋》，两部片的形式完全不像，只是因为都是在疾走奔流的美国，笨拙的人演出的笨拙的动作电影。 PTA 的电影只看过两部，另一部是他二十多年前的《私恋失调》。我对 PTA 电影的第一感觉是，真的太“动画”了，而...,15,2
one,https://www.douban.com/people/191508641/,One Battle After Another,https://movie.douban.com/review/17096527/,5,2025-09-26 11:02:36,这篇影评可能有剧透回看PTA过去的电影，许多人都批评他的老白男选题。《大师》，《血色将至》，PTA的几部出名作都聚焦于老白男的心理和挣扎，但就像李安的男性角色多是用来讨论父权的伤害，PTA则是用他们来讨论美国精神，自由，宗教，资本主义。 我记得他的上一部《香草披萨》饱受争议，一方面是...,33,8
oath,https://www.douban.com/people/291914157/,优秀的女性角色设计案例,https://movie.douban.com/review/17159176/,5,2025-10-20 16:52:02,这篇影评可能有剧透看完《一战再战》后，我觉得比起评价PTA对美国社会现状的描写和讽刺，更值得探讨的是影片中对女性角色的塑造。 国内多数媒体在概述影片内容的时候，对女主的描述都是以男主妻子的身份一笔带过。但在我看来，缇雅娜饰演的女主帕菲迪亚才是整部电影中人设最丰满的角色 —————...,41,36
Valuska,https://www.douban.com/people/valuska29cc/,极左极右，一战再战,https://movie.douban.com/review/17095041/,4,2025-09-25 11:25:33,这篇影评可能有剧透影片在“轻”的姿态之下安放“重”的议题：极左与极右被并置为两套对称的表演机器，黑色喜剧则成为伦理温度计，笑点既被允许落地，又被其后的余震立刻计入成本，因而“举重若轻”并非减法，而是对复杂现实的再编码。 叙事结构呈纺锤体：开端以极窄的情境—动机为轴，逐步向外张...,27,11
热血废物,https://www.douban.com/people/164727919/,去尼玛的左派右派，去尼玛的男权女权,https://movie.douban.com/review/17158481/,4,2025-10-20 01:32:58,评论区里都在讨论极左极右的讽刺隐喻，但我看到的全片高潮是小女孩举着手枪对准小李子，大喊：“Who are you？”而且她问了不止一次。面对生死关头，面对女儿的枪口，小李子没有对暗号，没有左派右派的站队，他抛开了所有政治色彩，只是一直重复：“亲爱的，我是你爸爸。” 我...,27,20
安托万,https://www.douban.com/people/vacual/,面对后现代文本还一本正经聊什么左右？,https://movie.douban.com/review/17155301/,4,2025-10-18 02:32:41,1.放在电影脉络考察的话，无疑是《搜索者》故事当代重述，经由品钦的《葡萄园》进一步转述而来(当然还有《星球大战》)，小说中本身也有着显而易见的迷影元素。 2.然而，《搜索者》的表面冲突早已烟消云散，非裔平权与冲突的潜文本也早已浮上表面，ICE开工开猛了还得担心CPI，各...,10,0
缺席,https://www.douban.com/people/165171342/,⭐️⭐️⭐️⭐️⭐️,https://movie.douban.com/review/17155083/,5,2025-10-17 23:36:36,这篇影评可能有剧透真的会被差评第一说PTA只是想讨好白左拿奖给笑死，人家需要吗？……电影里的左派又哪里伟光正了呢（但还是阴着夸得挺狠的哈哈哈哈），背叛组织的行为不止一次、嘲讽自己人办事死板、主角身弱胆小酗酒没有英雄的样子，PTA选择呈现极左和极右这本来就不是要如何如何严肃的用意了...,23,3
大聪,https://www.douban.com/people/1402913/,如果你对世界失望，你应该看看这真实荒诞的写照,https://movie.douban.com/review/17154671/,5,2025-10-17 20:09:11,YO！如果你问我今年一定要看的好莱坞Absolute Cinema！那绝对有保罗·托马斯·安德森PTA的新作《一战再战》一席之地！ 这也是一部让影迷期待已久的雄心之作。 PTA曾成功将托马斯·品钦的小说《性本恶》搬上银幕。 时隔多年，PTA再次从品钦的小说《葡萄园》获得灵感，打造出了全...,27,4
夜第七章,https://www.douban.com/people/4448539/,有一种神经病叫PTA,https://movie.douban.com/review/17155578/,5,2025-10-18 11:24:37,周五晚上，加班到八点多，走出公司楼，在豆瓣上看到PTA（保罗·托马斯·安德森）的新片《一战再战》上映，想到周六还要加班，觉得不妨先短暂快乐一下！立马买了票。出地铁站后，从盒马买了一大袋酸奶（一袋六小包），权当晚饭。 整个片场，算上我，就四个人，我前面空无一人，...,21,11
婷婷要做甜娘☆,https://www.douban.com/people/Imts/,《一战再战》或价值的犬儒主义      文 / 可颂黑刺梨,https://movie.douban.com/review/17254545/,4,2025-11-30 08:27:59,这篇影评可能有剧透《一战再战》或价值的犬儒主义 文 / 可颂黑刺梨 据说在红色歌剧《江姐》的初版中，被捕的地下党甫志高叛变后劝降江姐时说的台词是： “多少年政治圈里较短长，到头来为谁辛苦为谁忙？武装革命是空流血，共产主义太渺茫。常言道英雄豪杰识时务，何苦再出生入死弄刀枪？倒不如抛...,16,0
秋风物,https://www.douban.com/people/149666845/,高级黑！,https://movie.douban.com/review/17166910/,1,2025-10-26 02:50:27,这篇影评可能有剧透去革命化的“好”电影。 资本主义的大毒草果然具有极强的迷幻性。 从立意来看，首先肯定是无情地讥讽了白人种族主义者：反派上校你说他蠢吧，他能找到自己“失散多年”的女儿；你说他聪明吧，他被人一枪爆头后竟然还傻乎乎地去找那个组织，最后被毒气毒死。 但更重要的是整个片...,7,5
楚翰彻,https://www.douban.com/people/141744320/,"（转《综艺》影评Sep 26, 2025）《一战再战》与《葡萄园》：保罗·托马斯·安德森对托马斯·品钦原著的取舍",https://movie.douban.com/review/17098546/,4,2025-09-27 10:46:48,"这篇影评可能有剧透‘One Battle After Another’ and ‘Vineland’— What Paul Thomas Anderson Used and Cut Out of Thomas Pynchon’s Novel （转《综艺》影评Sep 26, 2025）《一战再战》与《葡萄园》：保罗·托马斯·安德森对托马斯·品钦原著的取舍 Ever since “One Battle After Another...",13,0
Maggie_in_LA,https://www.douban.com/people/125111091/,PTA最好笑、最具有政治讽刺意味的一部,https://movie.douban.com/review/17091369/,4,2025-09-23 15:21:56,#一战再战#  （ One Battle After Another ）（B+） 我原本并非保罗·托马斯·安德森 Paul Thomas Anderson 的粉丝，他的大部分电影我都觉得太长太慢，有过多且不必要的性、暴力、粗口等成人内容。这部还是很长，还是有过多性、暴力、粗口等成人内容，但是，我并不觉得闷，甚至...,18,5
2j的花果山,https://www.douban.com/people/Pengjianjun/,上校的悲剧告诉我们，别做工具，做个人吧,https://movie.douban.com/review/17169742/,5,2025-10-27 18:44:29,上校的一生远看像笑话，近看却是悲剧。 根源之一在于，上校毕生渴望权力、追求权力、跪舔权力，为了成为大佬允诺的人上人，不惜放弃做一个人——当他毅然决然地决定处理掉亲生女儿的时候，权力对人的异化宣告完成。 其二，接近权力不等于拥有权力，它只会让你产生拥有权力的幻...,5,0
傻乐的猫,https://www.douban.com/people/stupidcat7652/,左右大混战,https://movie.douban.com/review/17155468/,3,2025-10-18 10:08:07,这篇影评可能有剧透1. 黛安基顿尸骨未寒，都没来得及重温reds…PTA送上一盘想象中的左右大战。 半世纪前每个白人导演必拍至少一部越战片，否则就是没有心。 当下是，每个美导都要拍部今日美国政治的讽刺喜剧，不拍不是美国人，不拍就是没良心、没出息！ 目测，未来几年此类电影还有更多要出炉。 2...,4,0
